{
    "txt_detl_idt_pedi_pgto": "OYT1516529715947",
    "cod_idef_clie": "customer-store",
    "dat_hor_tran": "2023-09-15T16:52:49.375Z",
    "list_item_pedi": [{
        "nom_item": "Copo com Canudo Stanley Quencher 2.0 887ML Branco Cream",
        "cod_ofrt_ineo_requ": "6459e9ba7028520010374e10",
        "vlr_oril": 285.0,
        "vlr_prod": 228.0,
        "vlr_prod_ofrt_desc": 0.0,
        "qtd_item_pedi": 1,
        "idt_venr": "8dJAULm6us",
        "nom_venr": "Top Store",
        "idt_vrne_venr": "4617245",
        "cod_vrne_prod": "MKU-s6p435iTm8ylT"
    }],
    "list_envo": [{
        "cod_tipo_entg": "ISO5TP2Hu3hWj",
        "list_item_envo": [{
            "qtd_prod": 1,
            "cod_prod_venr": "4617245",
            "cod_prod": "MKU-s6p435iTm8ylT",
            "stat_entg": "BILLED"
        }],
        "cod_venr": "8dJAULm6us",
        "nom_stat_entg": "BILLED"
    }],
    "stat_pgto": "PAID",
    "stat_pedi": "BILLED",
    "dat_atui": "2023-09-16T06:13:32.156Z"
}